"first_name","last_name","company_name","address","city","county","postal","phone1","phone2","email","web"
"Evan","Zigomalas","Cap Gemini America","5 Binney St","Abbey Ward","Buckinghamshire","HP11 2AX","01937-864715","01714-737668","evan.zigomalas@gmail.com","http://www.capgeminiamerica.co.uk"
"Eric","Rampy","Thompson, Michael C Esq","9472 Lind St","Desborough","Northamptonshire","NN14 2GH","01969-886290","01545-817375","erampy@rampy.co.uk","http://www.thompsonmichaelcesq.co.uk"
"Niesha","Bruch","Rowley/hansell Petetin","24 Bolton St","Broxburn, Uphall and Winchburg","West Lothian","EH52 5TL","01874-856950","01342-793603","niesha.bruch@yahoo.com","http://www.rowleyhansellpetetin.co.uk"
"Michell","Throssell","Weiss Spirt & Guyer","89 Noon St","Carbrooke","Norfolk","IP25 6JQ","01967-580851","01672-496478","mthrossell@throssell.co.uk","http://www.weissspirtguyer.co.uk"
"Edgar","Kanne","Crowan, Kenneth W Esq","99 Guthrie St","New Milton","Hampshire","BH25 5DF","01326-532337","01666-638176","edgar.kanne@yahoo.com","http://www.crowankennethwesq.co.uk"
"Augustine","Growcock","Lynema, Cliff Cpa","114 Falkland St #8845","Brimpton","Berkshire","RG7 4RF","01541-802635","01926-108010","augustine.growcock@growcock.co.uk","http://www.lynemacliffcpa.co.uk"
"Reed","Weisinger","Berick, Joseph G Esq","5147 Blackstone St","Letchworth South West Ward","Hertfordshire","SG6 3LE","01243-678286","01292-297245","reed_weisinger@yahoo.com","http://www.berickjosephgesq.co.uk"
"Milly","Savidge","Bridgeway Plan For Health","129 Alexander Pope St","Franche Ward","Hereford and Worcester","DY11 9BW","01702-725589","01421-132652","milly@gmail.com","http://www.bridgewayplanforhealth.co.uk"
"Luis","Ear","Wa Inst For Plcy Studies","2 Birchfield Rd","Whittington","Shropshire","SY11 4PH","01462-648669","01405-648623","luis@hotmail.com","http://www.wainstforplcystudies.co.uk"
"Margurite","Loperfido","Penrose Place Pharmacy Inc","218 Greenbank Drive","Devizes","Wiltshire","SN10 3DU","01407-866759","01640-661191","mloperfido@gmail.com","http://www.penroseplacepharmacyinc.co.uk"
"Vernice","Sperazza","Novak, Alan Paul Esq","8921 Forge St","Colnbrook with Poyle","Buckinghamshire","SL3 0PY","01822-563044","01765-519419","vernice@yahoo.com","http://www.novakalanpaulesq.co.uk"
"Jenise","Dulle","Alden, Michael H Esq","87 Pownall Sq","Sawston","Cambridgeshire","CB22 3BB","01709-854691","01572-193368","jenise.dulle@hotmail.com","http://www.aldenmichaelhesq.co.uk"
"Melina","Orizabal","Sheraton Inn Ocean Front","3 Nevison St","Lymington and Pennington","Hampshire","SO41 1DL","01420-307327","01245-559333","melina@gmail.com","http://www.sheratoninnoceanfront.co.uk"
"Tina","Clapham","Cooper Myers Y Co","5662 William Moult St","Aylesbury","Buckinghamshire","HP21 8PP","01567-296442","01493-245349","tclapham@gmail.com","http://www.coopermyersyco.co.uk"
"Lyndia","Moonshower","Bomarko Inc","43 Williamson St #7995","Meads Ward","East Sussex","BN20 7HB","01469-300335","01789-132579","lyndia_moonshower@moonshower.co.uk","http://www.bomarkoinc.co.uk"
"Jules","Hiltner","Benitez, Brigida Esq","5 Howe St","Broxburn, Uphall and Winchburg","West Lothian","EH52 6NF","01428-343825","01814-878359","jules@yahoo.com","http://www.benitezbrigidaesq.co.uk"
"Chantay","Kamens","Brewster Wallcoverings Co","763 Parkfield Rd","Norton Canes","Staffordshire","WS11 9RH","01823-383806","01245-146126","ckamens@hotmail.com","http://www.brewsterwallcoveringsco.co.uk"
"Janessa","Noonon","Canterbury, Christopher C","476 Starkie St","Westgate Ward","Gloucestershire","GL1 1QW","01472-324699","01841-979075","jnoonon@yahoo.com","http://www.canterburychristopherc.co.uk"
"Sol","Cowser","Omni Mandalay","6448 Tillard St","Conisbrough and Denaby Ward","South Yorkshire","DN12 4JF","01412-528394","01580-134516","sol@gmail.com","http://www.omnimandalay.co.uk"
"Louann","Smethers","Lba Savings Bank","3055 Creswick St","Newbold and Brownsover Ward","Warwickshire","CV21 1LN","01670-234959","01488-872531","louann@gmail.com","http://www.lbasavingsbank.co.uk"
"Lindsay","Yadao","Lutz, Christopher T Esq","7 Jolliffe St","Middlewich","Cheshire","CW10 9GB","01947-566661","01481-295251","lindsay_yadao@yadao.co.uk","http://www.lutzchristophertesq.co.uk"
"Stevie","Stifflemire","Packaging Corp Of America","9 Gradwell St","Kempshott Ward","Hampshire","RG22 5HA","01262-808399","01411-169215","stevie_stifflemire@stifflemire.co.uk","http://www.packagingcorpofamerica.co.uk"
"Elroy","Piehler","Jonson, Geo D Esq","821 Pembroke Place","Kirkby Stephen","Cumbria","CA17 4RZ","01589-654152","01586-387018","epiehler@piehler.co.uk","http://www.jonsongeodesq.co.uk"
"Bettina","Kham","Council Of Cmnty Blood Ctrs","80 Morecambe St","Bishop Auckland","County Durham","DL14 6NG","01355-192668","01340-622388","bettina.kham@kham.co.uk","http://www.councilofcmntybloodctrs.co.uk"
"Marta","Brace","Trautman, Eileen Esq","658 Lake St","Malmesbury","Wiltshire","SN16 0XZ","01777-469402","01631-454193","marta.brace@brace.co.uk","http://www.trautmaneileenesq.co.uk"
"Eva","Joulwan","Central Hrdwr & Elec Corp","7 Lear Rd","Stroud","Hampshire","GU32 3PQ","01779-720349","01961-802899","eva.joulwan@gmail.com","http://www.centralhrdwreleccorp.co.uk"
"Mira","Alpheaus","East County Process","51 St Anne St #12","Stratfield Mortimer","Berkshire","RG7 3RA","01241-273991","01381-836777","mira.alpheaus@yahoo.com","http://www.eastcountyprocess.co.uk"
"Mike","Torner","Segall Majestic Inc","30 Aughton St","Hilton","Aberdeenshire","AB24 2RR","01240-600327","01408-918612","mike_torner@torner.co.uk","http://www.segallmajesticinc.co.uk"
"Lisbeth","Creecy","Gerstenfeld, Gerald F Esq","484 Barry St","Shiney Row Ward","County Durham","DH4 7RG","01931-620849","01825-623398","lcreecy@gmail.com","http://www.gerstenfeldgeraldfesq.co.uk"
"Eloisa","Faurote","Mcdonald, Michael J Esq","7033 Micawber St","Bintree","Norfolk","NR20 5NQ","01337-695353","01747-999761","eloisa.faurote@hotmail.com","http://www.mcdonaldmichaeljesq.co.uk"
"Shawana","Cantua","Best Western Riverview Inn","33 Vipond St","Woodhall Farm Ward","Hertfordshire","HP2 7JP","01413-348876","01659-621050","shawana@yahoo.com","http://www.bestwesternriverviewinn.co.uk"
"Alyssa","Ansbro","Berg, Michael D Esq","85 Hero St","Stanhope","County Durham","DL13 2TZ","01632-887825","01585-967862","alyssa_ansbro@gmail.com","http://www.bergmichaeldesq.co.uk"
"Terry","Gauthier","Walker, Susan S Esq","274 Altcar Ave","Catterick","North Yorkshire","DL10 7NU","01555-550015","01793-749131","tgauthier@yahoo.com","http://www.walkersusansesq.co.uk"
"Wade","Sovel","Manhattan Supply Co Deer Pk","2546 Hunter St","Central Buchan Ward","Aberdeenshire","AB53 6YD","01712-978062","01317-960371","wade@hotmail.com","http://www.manhattansupplycodeerpk.co.uk"
"Deja","Conatser","Universal Case Co","94 Wakefield St","Lavenham","Suffolk","CO10 9PU","01378-234592","01879-981256","deja.conatser@hotmail.com","http://www.universalcaseco.co.uk"
"Ressie","Bontemps","Typesetters","42 Eastwood St","Walton Ward","Cambridgeshire","PE4 6HB","01996-854517","01616-608138","ressie_bontemps@bontemps.co.uk","http://www.typesetters.co.uk"
"Sean","Schurman","Cooper Electric Supply Co","2877 Grain St","Caversham Ward","Berkshire","RG4 5DE","01773-139510","01423-385669","sean.schurman@schurman.co.uk","http://www.cooperelectricsupplyco.co.uk"
"Wei","Nobel","Victory Coating","5221 Royston St","Eccleshall","Staffordshire","ST21 6GA","01912-146880","01608-570699","wei_nobel@hotmail.com","http://www.victorycoating.co.uk"
"Melissia","Slotemaker","Twining Nemia & Steflik","83 St Johns Lane #43","Linlithgow Ward","West Lothian","EH49 7LS","01515-360513","01936-295031","mslotemaker@gmail.com","http://www.twiningnemiasteflik.co.uk"
"Desire","Barresi","Greater Cinc Schl Empl Crdt Un","428 Kearsley St","Hatton","Warwickshire","CV35 7UA","01819-701096","01970-482055","desire@gmail.com","http://www.greatercincschlemplcrdtun.co.uk"
"Vernell","Connley","Harmons","998 Roe St #6","Bellingham","Northumberland","NE48 2BX","01954-363885","01585-863534","vernell@hotmail.com","http://www.harmons.co.uk"
"Micheline","Mathieson","Mail Boxes Etc","3 Copenhagen Rd","George St","Aberdeenshire","AB25 3UZ","01857-518738","01247-541211","micheline.mathieson@yahoo.com","http://www.mailboxesetc.co.uk"
"Julie","Sakshaug","Newton Clerk","5 Shakspeare St #66","St. Johns Ward","Hereford and Worcester","B61 8HD","01225-180983","01641-570473","julie@gmail.com","http://www.newtonclerk.co.uk"
"Hubert","Mias","Chuckmaster Co","3614 Old Hall St #604","Fawley","Hampshire","SO45 2PT","01408-965643","01857-225719","hubert.mias@gmail.com","http://www.chuckmasterco.co.uk"
"Janella","Altobell","Shannon, Paul V Esq","3768 Hey Green Rd","Hartshill","Warwickshire","CV10 0TH","01746-505364","01411-597527","jaltobell@hotmail.com","http://www.shannonpaulvesq.co.uk"
"Mauricio","Flam","Callender, William C Esq","18 Nimrod St","Walney North Ward","Cumbria","LA14 3SJ","01640-813748","01829-160968","mflam@gmail.com","http://www.callenderwilliamcesq.co.uk"
"Bobbie","Guillereault","Geneva Woods Professional Ctr","385 Upper Hampton St #39","Southey Ward","South Yorkshire","S5 8LL","01496-781616","01606-682963","bguillereault@gmail.com","http://www.genevawoodsprofessionalctr.co.uk"
"Joana","Reinecke","Visiting Nur Assn Ctrl Jersey","2427 Olney St #7","Amersham","Buckinghamshire","HP6 6JH","01320-402522","01866-827990","jreinecke@reinecke.co.uk","http://www.visitingnurassnctrljersey.co.uk"
"Dacia","Swaisgood","Nelson & Paulson Chartered","36 Cranmer St #4697","Little Hereford","Shropshire","SY8 4LE","01984-926059","01275-123842","dacia.swaisgood@swaisgood.co.uk","http://www.nelsonpaulsonchartered.co.uk"
"Lanie","Smalarz","Philosophical Rsrch Scty Bkstr","5149 Maria Rd","Peterlee","County Durham","SR8 5RL","01218-415062","01279-431606","lanie.smalarz@yahoo.com","http://www.philosophicalrsrchsctybkstr.co.uk"
"Ula","Otey","Mail Boxes Etc","1 Newby St","Coleshill","Warwickshire","B46 3LZ","01291-565542","01581-469043","ula@hotmail.com","http://www.mailboxesetc.co.uk"
"Timmy","Lintner","Interdependence Associates Inc","9112 Hardwick St","Bowes","County Durham","DL12 9JB","01651-232745","01711-826233","tlintner@hotmail.com","http://www.interdependenceassociatesinc.co.uk"
"Naomi","Lavezzo","Torrefazione Italia Inc","9854 Ranelagh Place","Finedon","Northamptonshire","NN9 5EN","01469-888112","01367-310764","naomi.lavezzo@yahoo.com","http://www.torrefazioneitaliainc.co.uk"
"Mila","Figuera","U S Sapporo A Inc","72 Lime Place","Old Newton with Dagworth","Suffolk","IP14 4HG","01300-650262","01573-159208","mila_figuera@yahoo.com","http://www.ussapporoainc.co.uk"
"Kara","Jaquish","El Adobe Inn","345 Feltwell Rd","St. Michaels and Wicksteed War","Northamptonshire","NN15 6BB","01691-316298","01503-303797","kara@yahoo.com","http://www.eladobeinn.co.uk"
"Vashti","Sugai","Accurate Engraving Co","4 Candia St #6","Shipston on Stour","Warwickshire","CV36 4HE","01311-723137","01528-551210","vashti@gmail.com","http://www.accurateengravingco.co.uk"
"Coleen","Langer","Valley Prodn Ctr For Vid & Aud","745 Goodall St #9309","Much Wenlock","Shropshire","TF13 6HB","01956-525612","01746-728526","coleen.langer@hotmail.com","http://www.valleyprodnctrforvidaud.co.uk"
"Katie","Choinski","Coastal Technologies","1267 Alderson Rd","Churchdown","Gloucestershire","GL3 2BA","01606-772920","01762-227896","katie@choinski.co.uk","http://www.coastaltechnologies.co.uk"
"Dannie","Brau","Goodfellow Agency","2 Gay St #3702","Werrington South Ward","Cambridgeshire","PE7 2QA","01675-779811","01380-595884","dbrau@brau.co.uk","http://www.goodfellowagency.co.uk"
"Ashanti","Donn","Denticator","3409 Benns Gardens","Hollington Ward","East Sussex","TN38 9NE","01352-599278","01721-697548","adonn@yahoo.com","http://www.denticator.co.uk"
"Walker","Seeger","Jim Dunnam Builder Inc","69 Chantrey St #90","Hickling","Norfolk","NR12 0YB","01245-616596","01531-463162","walker.seeger@yahoo.com","http://www.jimdunnambuilderinc.co.uk"
"Kattie","Ozane","Page, Patricia A Esq","526 Liffey St #759","Westbury","Wiltshire","BA13 3QU","01322-491007","01807-524286","kozane@gmail.com","http://www.pagepatriciaaesq.co.uk"
"Juliana","Uken","Charles S Cavadini Cic","4 Summer Seat Bootle","Moulsecoomb and Bevendean Ward","Brighton and Hove","BN2 4TL","01962-844141","01981-109913","juliana.uken@yahoo.com","http://www.charlesscavadinicic.co.uk"
"Delpha","Detamore","Bilar Tool & Die Inc","8 Tagus St #9814","Cleator Moor","Cumbria","CA25 5EF","01322-480025","01517-750609","delpha.detamore@yahoo.com","http://www.bilartooldieinc.co.uk"
"Hyun","Erdman","Hall, Ronald A","1432 Rutland Ave","Uckfield","East Sussex","TN22 9EF","01594-744010","01356-404829","hyun@gmail.com","http://www.hallronalda.co.uk"
"Nada","Arey","Advanced Engineering Assocs","22 Harewood St #95","Acton Trussell and Bednall","Staffordshire","ST17 0RU","01576-627827","01822-753601","nada@hotmail.com","http://www.advancedengineeringassocs.co.uk"
"Elizabeth","Pata","Hirsch, Henry L Esq","645 Lister Drive","Denwick","Northumberland","NE66 2LQ","01634-662999","01571-674820","elizabeth@gmail.com","http://www.hirschhenrylesq.co.uk"
"Alise","Packebush","Wnc Forklift Inc","22 Delamore St","Hereford","Hereford and Worcester","HR1 2EA","01266-695304","01517-702273","alise.packebush@gmail.com","http://www.wncforkliftinc.co.uk"
"Erasmo","Talentino","Active Air Systems","3 Garden Lane","Darton West Ward","South Yorkshire","S75 5JY","01492-454455","01304-185373","erasmo.talentino@hotmail.com","http://www.activeairsystems.co.uk"
"Mari","Smeby","A B E Doors & Windows","4309 Chisenhale St","Rock","Hereford and Worcester","DY14 9XQ","01423-202676","01733-169475","msmeby@gmail.com","http://www.abedoorswindows.co.uk"
"Therese","Shiraki","Wuhf Fox 31","18 Ouse St","Oakridge and Castlefield Ward","Buckinghamshire","HP11 2PJ","01611-691262","01703-441371","tshiraki@gmail.com","http://www.wuhffox.co.uk"
"Arlyne","Dellinger","Holzgrafe, Roger E Esq","8361 Cottenham St","Fawley","Hampshire","SO45 1QQ","01907-958462","01821-459979","arlyne.dellinger@yahoo.com","http://www.holzgraferogereesq.co.uk"
"Edward","Strejan","Kaysers Nutrition Center","1267 Audley St","Ise Lodge Ward","Northamptonshire","NN15 5DB","01242-422459","01659-505806","edward_strejan@gmail.com","http://www.kaysersnutritioncenter.co.uk"
"Gerald","Drozdenko","Diamond Cbnts Div Wht Cons Ind","186 Craven St #68","Little Ness","Shropshire","SY4 2JX","01593-647422","01210-465236","gdrozdenko@yahoo.com","http://www.diamondcbntsdivwhtconsind.co.uk"
"Tomoko","Renno","Trico Prods Corp","5160 High St #38","Goldsmid Ward","Brighton and Hove","BN3 6EA","01731-573285","01873-329707","tomoko@renno.co.uk","http://www.tricoprodscorp.co.uk"
"King","Vanacore","Sdse Public Tv","30 Seville St","Meads Ward","East Sussex","BN20 7QU","01908-714833","01651-442812","king_vanacore@yahoo.com","http://www.sdsepublictv.co.uk"
"Tonja","Driesenga","First Ozaukee Savings Bank","8 South John St","Lamport","Northamptonshire","NN6 9XW","01683-204727","01384-883931","tdriesenga@driesenga.co.uk","http://www.firstozaukeesavingsbank.co.uk"
"Rex","Faehnle","Hering, Glenn Z Esq","371 Oakleigh","Warminster","Wiltshire","BA12 8NR","01955-496773","01529-779988","rfaehnle@faehnle.co.uk","http://www.heringglennzesq.co.uk"
"Rebbecca","Rufenacht","Ithaca Guitar Works Inc","4190 Seacombe St","Tiffield","Northamptonshire","NN12 8AA","01583-168158","01926-842843","rrufenacht@yahoo.com","http://www.ithacaguitarworksinc.co.uk"
"Dallas","Miyashiro","Em Building Products Inc","4919 Lime Grove","Whitchurch Urban","Cheshire","SY13 4HB","01356-551432","01752-585779","dallas_miyashiro@miyashiro.co.uk","http://www.embuildingproductsinc.co.uk"
"Han","Dzledzic","Captain Copy","1592 Price St","Ponteland","Northumberland","NE20 9TF","01532-163009","01303-831633","han_dzledzic@hotmail.com","http://www.captaincopy.co.uk"
"Emilio","Guitierrez","Register Printing Co","2 Weller St","Appleton Wiske","North Yorkshire","DL6 2AS","01845-679016","01363-466980","emilio_guitierrez@guitierrez.co.uk","http://www.registerprintingco.co.uk"
"Maryanne","Siske","Levering, Charles B Esq","256 Vesuvius St #159","Stutton with Hazlewood","North Yorkshire","LS24 9UA","01455-447890","01597-966938","maryanne@hotmail.com","http://www.leveringcharlesbesq.co.uk"
"Veronique","Nuckolls","Cinemax Cable Pay Tv Svce","198 Ranelagh Place","Central Buchan Ward","Aberdeenshire","AB43 6RD","01632-762032","01699-696279","vnuckolls@gmail.com","http://www.cinemaxcablepaytvsvce.co.uk"
"Antonio","Villamarin","Combs Sheetmetal","353 Standish St #8264","Little Parndon and Hare Street","Hertfordshire","CM20 2HT","01559-403415","01388-777812","antonio.villamarin@gmail.com","http://www.combssheetmetal.co.uk"
"Olen","Ailey","Shohet, Grace C Esq","9 Fielding St","Wombourne","Staffordshire","WV5 0BB","01654-865551","01354-169004","olen@gmail.com","http://www.shohetgracecesq.co.uk"
"Lanie","Smarsh","Lbt","555 Ludlow St","Trowbridge","Wiltshire","BA14 9JB","01973-841918","01731-921990","lanie@yahoo.com","http://www.lbt.co.uk"
"Elliott","Kins","John Noda A Law Ofc Lawrence E","32 High Park St #44","St. Margarets with St. Nichola","Norfolk","PE30 1QE","01727-926540","01422-984862","elliott@gmail.com","http://www.johnnodaalawofclawrencee.co.uk"
"Mignon","Luger","National Lime Association","80 Talbot St","Edgeley and Cheadle Heath Ward","Cheshire","SK3 9RD","01934-252795","01491-473626","mignon@gmail.com","http://www.nationallimeassociation.co.uk"
"Margret","Alcazar","Advantage Title & Escrow Inc","5466 Sedley St","Coatbridge South Ward","North Lanarkshire","ML5 4LJ","01626-590776","01633-731246","margret@alcazar.co.uk","http://www.advantagetitleescrowinc.co.uk"
"Denny","Casalenda","Ringo International Inc","75 Brewster St #453","Redlands Ward","Berkshire","RG1 5EX","01349-134533","01589-277770","dcasalenda@gmail.com","http://www.ringointernationalinc.co.uk"
"Janna","Przybyl","Southwest Ms Shopg Bag","5 April Rd #13","Wheatley Ward","South Yorkshire","DN1 2TU","01684-628072","01560-680129","jprzybyl@przybyl.co.uk","http://www.southwestmsshopgbag.co.uk"
"Kandis","Alsbury","Fast Cash","70 Rose Vale","Reydon","Suffolk","IP18 6PE","01797-837270","01651-807856","kalsbury@hotmail.com","http://www.fastcash.co.uk"
"Fallon","Kerfoot","Rotenstreich, H Andrew Esq","3186 Naylor St","Manor Castle Ward","South Yorkshire","S2 1HP","01538-649750","01505-472052","fallon.kerfoot@gmail.com","http://www.rotenstreichhandrewesq.co.uk"
"Precious","Brabble","Sigmacom Corporation","9 Herbert St #77","Shenley","Hertfordshire","WD7 9AQ","01687-288043","01800-154821","precious_brabble@brabble.co.uk","http://www.sigmacomcorporation.co.uk"
"Tamesha","Tyburski","Liss, Amy Esq","1054 Gladys St","Bellshill Ward","North Lanarkshire","ML4 3EJ","01954-979729","01834-599647","tamesha.tyburski@gmail.com","http://www.lissamyesq.co.uk"
"Olene","Skubis","Luby, Joseph K Esq","180 Frodsham St","Grovehill Ward","Hertfordshire","HP2 7BD","01250-453315","01805-925115","olene_skubis@yahoo.com","http://www.lubyjosephkesq.co.uk"
"Dwight","Belyea","Skuttle Mfg Co","419 St Andrew St","Tibberton","Hereford and Worcester","WR9 7NS","01822-404490","01498-287540","dbelyea@belyea.co.uk","http://www.skuttlemfgco.co.uk"
"Cornell","Mccrossin","Cheek, John D Esq","623 Cornhill","Stretton","Staffordshire","DE13 0DH","01608-748971","01279-418098","cornell.mccrossin@mccrossin.co.uk","http://www.cheekjohndesq.co.uk"
"Felicia","Claybrooks","Strescon Industries Inc","1056 College St South","Chester-le-Street North and Ea","County Durham","DH2 2JZ","01722-395799","01451-992860","felicia@claybrooks.co.uk","http://www.stresconindustriesinc.co.uk"
"Carmen","Gillham","Norda, Beth Dorsey Esq","11 Denison St #7","Orford Ward","Cheshire","WA2 9QB","01692-491267","01417-973243","carmen@hotmail.com","http://www.nordabethdorseyesq.co.uk"
"Patti","Rempel","Meder, Randy F Cpa","1346 Vandyke St","Hove Park Ward","Brighton and Hove","BN3 6NS","01539-157435","01334-638031","patti@rempel.co.uk","http://www.mederrandyfcpa.co.uk"
"Alaine","Raterman","Putnam Co Inc","1 Milton St","Little Missenden","Buckinghamshire","HP16 0DH","01927-151413","01525-172423","alaine@hotmail.com","http://www.putnamcoinc.co.uk"
"Corinne","Holman","Herculite Mason Supply Inc","1831 Richards St #8","Berkhamsted","Hertfordshire","HP4 2AF","01933-753592","01857-675359","corinne@holman.co.uk","http://www.herculitemasonsupplyinc.co.uk"
"Heidy","Hallford","New England Die Co Inc","8054 Low Hill","Prestbury","Gloucestershire","GL52 3BY","01958-748582","01753-105955","hhallford@hotmail.com","http://www.newenglanddiecoinc.co.uk"
"Kaycee","Carsten","Dohn Law Offices Inc Ps","35 Dublin St","Cirencester","Gloucestershire","GL7 2EY","01270-893129","01837-463418","kaycee.carsten@gmail.com","http://www.dohnlawofficesincps.co.uk"
"Melvin","Setter","Rex Internatl","87 Pickup St","Franche Ward","Hereford and Worcester","DY10 2ZQ","01401-151569","01938-566719","melvin_setter@setter.co.uk","http://www.rexinternatl.co.uk"
"Brianne","Matsumura","Bender & Associates","7 Cottenham St","Mossend and Holytown Ward","North Lanarkshire","ML1 4TD","01519-417660","01979-425319","brianne@matsumura.co.uk","http://www.benderassociates.co.uk"
"Eugene","Pelzer","Fashion Corner Inc","622 Holmes St","Heath Town Ward","Staffordshire","WV10 0AW","01839-920108","01413-591144","eugene_pelzer@gmail.com","http://www.fashioncornerinc.co.uk"
"Margery","Rohrs","C G Mccullough Insurance Agcy","40 Peters Lane","Long Preston","North Yorkshire","BD23 4NF","01634-340524","01933-273913","margery@hotmail.com","http://www.cgmcculloughinsuranceagcy.co.uk"
"Noel","Sarra","Orkin Exterminating Co Inc","2 Cockburn St","Seaham","County Durham","SR7 0AR","01868-736780","01874-679913","nsarra@gmail.com","http://www.orkinexterminatingcoinc.co.uk"
"Doug","Lucore","Barr, Albert S Iii","65 Rankin St","Woodford cum Membris","Northamptonshire","NN11 3QR","01943-467489","01744-123819","dlucore@yahoo.com","http://www.barralbertsiii.co.uk"
"Jeff","Brossoit","Jeh Construction Co","954 Madelaine St","Central Ward","Wiltshire","SN5 8WG","01593-501965","01383-683074","jeff.brossoit@yahoo.com","http://www.jehconstructionco.co.uk"
"Lashunda","Argiro","Kluza Associates","205 Forge St #4021","Stainburn","North Yorkshire","LS21 2LS","01422-728149","01653-381714","lashunda@yahoo.com","http://www.kluzaassociates.co.uk"
"Ashley","Tropp","Everythings A Dollar","3 Greenleaf St #5644","Blyth","Northumberland","NE24 2RY","01951-324927","01602-307715","ashley.tropp@gmail.com","http://www.everythingsadollar.co.uk"
"Shayne","Mordhorst","Don Allen & Associates Pa","1 Bousfield St","Shrewsbury","Shropshire","SY3 8NG","01286-279043","01450-144052","smordhorst@mordhorst.co.uk","http://www.donallenassociatespa.co.uk"
"Franchesca","Charry","Cappello, A Barry Esq","59 Westminster Rd","Empress Ward","Hampshire","GU14 8AY","01748-827176","01707-624969","franchesca@gmail.com","http://www.cappelloabarryesq.co.uk"
"Gaston","Szumski","Red Giant Foods Inc","8 Gullett St","West Garioch Ward","Aberdeenshire","AB51 0HT","01651-911453","01923-233578","gaston.szumski@hotmail.com","http://www.redgiantfoodsinc.co.uk"
"Ronna","Mittler","Bethesda Gazette","2767 Pembroke St #979","Roundway","Wiltshire","SN10 3FQ","01214-651738","01794-156776","ronna_mittler@hotmail.com","http://www.bethesdagazette.co.uk"
"Erasmo","Gath","Pan Optx","860 Rokeby St","Sunningdale","Berkshire","SL5 0AZ","01445-796544","01650-307192","egath@hotmail.com","http://www.panoptx.co.uk"
"Rosalia","Ziv","Arias, Michele Ann Md","9362 Solomon St #97","Castle Ward","Northamptonshire","NN8 4DR","01414-349699","01552-437406","rosalia.ziv@ziv.co.uk","http://www.ariasmicheleannmd.co.uk"
"Lyda","Cronholm","Print Shop","916 Strand St #4753","Leek","Staffordshire","ST13 5AW","01672-538356","01347-674237","lyda.cronholm@cronholm.co.uk","http://www.printshop.co.uk"
"Lewis","Mellom","Lasting Impressions","6 St Hilda St","Central Ward","South Yorkshire","S1 1EQ","01954-643657","01511-606180","lewis@yahoo.com","http://www.lastingimpressions.co.uk"
"Kayleigh","Bendle","J A Associates","9735 Linton St #2284","Kingswells","Aberdeenshire","AB16 7RW","01312-772111","01355-733333","kayleigh.bendle@bendle.co.uk","http://www.jaassociates.co.uk"
"Lili","Imondi","Ide Haigney & Radio","9 Herbert St","Blyth","Northumberland","NE24 3DQ","01600-986258","01934-479439","lili_imondi@hotmail.com","http://www.idehaigneyradio.co.uk"
"Sunshine","Senechal","Dale, George F Esq","40 Cairo St","Warwick","Warwickshire","CV34 5LQ","01416-686933","01839-700945","sunshine.senechal@hotmail.com","http://www.dalegeorgefesq.co.uk"
"Goldie","Sonkens","Veri Nu Products Corp","6174 Botanic Pl","Ravensthorpe Ward","Cambridgeshire","PE3 7BJ","01867-720033","01523-949034","gsonkens@sonkens.co.uk","http://www.verinuproductscorp.co.uk"
"Shelia","Plues","Schen, Sanford E Md","9730 Dunnet St","Silloth-on-Solway","Cumbria","CA7 4RB","01818-260618","01574-927461","shelia@gmail.com","http://www.schensanfordemd.co.uk"
"Narcisa","Araiza","Danka Business Systems","8783 High St","Milton","Cambridgeshire","CB24 6ZR","01724-644767","01689-339758","naraiza@hotmail.com","http://www.dankabusinesssystems.co.uk"
"Evelynn","Frede","Hasselberg, Michael R Esq","8 Breckfield Road North","Seaham","County Durham","SR7 0AZ","01289-621482","01571-460710","evelynn.frede@gmail.com","http://www.hasselbergmichaelresq.co.uk"
"Tamra","Yu","Davis Commercial Contracting","2 Park Rd Walton #4338","Lansdown Ward","Gloucestershire","GL50 2LF","01891-816938","01635-523740","tamra.yu@hotmail.com","http://www.daviscommercialcontracting.co.uk"
"Aracelis","Donham","Sm Toth Baldridge & Van Belkum","593 Kinglake St","Fowlmere","Cambridgeshire","SG8 7TP","01924-111018","01420-311467","aracelis.donham@hotmail.com","http://www.smtothbaldridgevanbelkum.co.uk"
"Leana","Stackpole","Direct Tools & Fasteners","690 Copenhagen Rd","Warham","Norfolk","NR23 1NJ","01248-325090","01386-257445","lstackpole@yahoo.com","http://www.directtoolsfasteners.co.uk"
"Chana","Perera","Olden Camera & Lens Co Inc","9 Ogwen St","Murdostoun Ward","North Lanarkshire","ML2 8LW","01477-796750","01858-335054","chana.perera@hotmail.com","http://www.oldencameralenscoinc.co.uk"
"Nell","Pao","Madaus, Gerald F Jr","1730 Seymour St","Eastbrook Ward","Brighton and Hove","BN41 1QH","01308-582144","01773-576318","npao@gmail.com","http://www.madausgeraldfjr.co.uk"
"Sueann","Mandril","El Hispanic News","751 Stamford St","Werrington","Staffordshire","ST9 0AH","01886-226100","01717-449960","smandril@hotmail.com","http://www.elhispanicnews.co.uk"
"Alayna","Hoyal","South Bldg Code Congres","70 Royal St","Banchory and Mid Deeside Ward","Aberdeenshire","AB31 4AH","01964-720542","01983-132813","alayna_hoyal@hotmail.com","http://www.southbldgcodecongres.co.uk"
"Talia","Marthe","Kenney Mfg Co","5 Minerva St","Westbury","Wiltshire","BA13 3QR","01711-170147","01607-480159","talia.marthe@gmail.com","http://www.kenneymfgco.co.uk"
"Pansy","Kopan","Oncor Inc","1 Northampton St","Madeley","Shropshire","TF7 4GA","01674-842315","01627-571972","pansy@kopan.co.uk","http://www.oncorinc.co.uk"
"Royce","Saik","Best Western Caprock Inn","2 Maple Grove","Kincorth","Aberdeenshire","AB12 5EJ","01972-770618","01431-812225","royce@hotmail.com","http://www.bestwesterncaprockinn.co.uk"
"Felice","Gone","A F Supl Co Div Automtc Firing","7602 Grantham St","Hexham","Northumberland","NE46 1QQ","01691-816025","01888-857515","felice.gone@hotmail.com","http://www.afsuplcodivautomtcfiring.co.uk"
"Margarita","Orloski","1893 Shops","78 Pine Grove","Stannington Ward","South Yorkshire","S6 5HE","01215-422453","01958-497953","margarita_orloski@yahoo.com","http://www.shops.co.uk"
"Vicky","Schellenberge","Medlab Environmental Test Inc","3922 Leda St","Moreton Morrell","Warwickshire","CV35 9BX","01625-805645","01602-772009","vschellenberge@hotmail.com","http://www.medlabenvironmentaltestinc.co.uk"
"Carolann","Gross","Leem Company Inc","6352 Grosvenor St","Wombourne","Staffordshire","WV5 0LP","01470-609953","01672-859754","carolann@gross.co.uk","http://www.leemcompanyinc.co.uk"
"Quiana","Scarsella","Looking Good","1400 Ash St","Thorpe Hamlet Ward","Norfolk","NR1 4HS","01446-936944","01492-687388","quiana_scarsella@hotmail.com","http://www.lookinggood.co.uk"
"Cora","Mossing","Regis Brd Pro Engrs & Land","38 Raffles St","Newmarket","Cambridgeshire","CB8 8QE","01285-381062","01699-194090","cora@yahoo.com","http://www.regisbrdproengrsland.co.uk"
"Tony","Diazdeleon","Dilling Harris Inc","529 Llanrwst St","Southam","Gloucestershire","GL52 8TW","01765-102036","01877-593275","tony@gmail.com","http://www.dillingharrisinc.co.uk"
"Val","Villot","Horizon Air Magazine","1980 Tynemouth St","Almond Ward","West Lothian","EH52 5PY","01375-870188","01602-987840","val@yahoo.com","http://www.horizonairmagazine.co.uk"
"Tijuana","Machalek","Schwartz, Thomas E Esq","1149 Highfield Rd #996","Fareham South Ward","Hampshire","PO14 9JJ","01242-532395","01336-686264","tijuana.machalek@gmail.com","http://www.schwartzthomaseesq.co.uk"
"Jamika","Conoly","Keller, Raymond C","19 Soho St","Whitley Ward","Berkshire","RG1 9XH","01726-595316","01597-168997","jamika_conoly@conoly.co.uk","http://www.kellerraymondc.co.uk"
"Sophia","Gaucher","T C E Systems Inc","88 Upper Harrington St","North East Ward","North Lanarkshire","G69 8EL","01504-539114","01254-919378","sophia.gaucher@hotmail.com","http://www.tcesystemsinc.co.uk"
"Ronnie","Brigman","Howard Johnson","6 Morley St","Batchwood Ward","Hertfordshire","AL3 5JN","01943-754681","01972-686199","ronnie@brigman.co.uk","http://www.howardjohnson.co.uk"
"Rosita","Ausdemore","Jurdem, Scott Esq","8 Heathfield St #657","Hailsham","East Sussex","BN27 1AJ","01273-236188","01997-765432","rausdemore@hotmail.com","http://www.jurdemscottesq.co.uk"
"Pura","Manciel","Cia Inspection","7 Water St","Priory Heath Ward","Suffolk","IP3 9RB","01853-412588","01386-437186","pura.manciel@yahoo.com","http://www.ciainspection.co.uk"
"Charlette","Brenning","Furey & Associates","714 Fonthill Rd","Darton West Ward","South Yorkshire","S75 5EJ","01888-152110","01301-312487","cbrenning@brenning.co.uk","http://www.fureyassociates.co.uk"
"Celestina","Keeny","Bfg Federal Credit Union","9 Milton St","Consett North ED","County Durham","DH8 5LP","01877-379681","01600-463475","celestina_keeny@gmail.com","http://www.bfgfederalcreditunion.co.uk"
"Mi","Richan","Nelson Wright Haworth Golf Crs","6 Norwood Grove","Tanworth-in-Arden","Warwickshire","B94 5RZ","01451-785624","01202-738406","mi@hotmail.com","http://www.nelsonwrighthaworthgolfcrs.co.uk"
